-- --------------------------------------------------------
-- Host:                         127.0.0.1
-- Server version:               8.0.21 - MySQL Community Server - GPL
-- Server OS:                    Win64
-- HeidiSQL Version:             11.1.0.6116
-- --------------------------------------------------------

/*!40101 SET @OLD_CHARACTER_SET_CLIENT=@@CHARACTER_SET_CLIENT */;
/*!40101 SET NAMES utf8 */;
/*!50503 SET NAMES utf8mb4 */;
/*!40014 SET @OLD_FOREIGN_KEY_CHECKS=@@FOREIGN_KEY_CHECKS, FOREIGN_KEY_CHECKS=0 */;
/*!40101 SET @OLD_SQL_MODE=@@SQL_MODE, SQL_MODE='NO_AUTO_VALUE_ON_ZERO' */;
/*!40111 SET @OLD_SQL_NOTES=@@SQL_NOTES, SQL_NOTES=0 */;


-- Dumping database structure for core_questions_db
CREATE DATABASE IF NOT EXISTS `core_questions_db` /*!40100 DEFAULT CHARACTER SET utf8mb4 COLLATE utf8mb4_0900_ai_ci */ /*!80016 DEFAULT ENCRYPTION='N' */;
USE `core_questions_db`;

-- Dumping structure for table core_questions_db.ref_core_points
CREATE TABLE IF NOT EXISTS `ref_core_points` (
  `points_id` int NOT NULL,
  `pointsA_not` int NOT NULL,
  `pointsB_only` int NOT NULL,
  `pointsC_sometimes` int NOT NULL,
  `pointsD_often` int NOT NULL,
  `pointsE_most` int NOT NULL,
  PRIMARY KEY (`points_id`)
) ENGINE=MyISAM DEFAULT CHARSET=utf8mb4 COLLATE=utf8mb4_0900_ai_ci;

-- Dumping data for table core_questions_db.ref_core_points: 2 rows
/*!40000 ALTER TABLE `ref_core_points` DISABLE KEYS */;
INSERT INTO `ref_core_points` (`points_id`, `pointsA_not`, `pointsB_only`, `pointsC_sometimes`, `pointsD_often`, `pointsE_most`) VALUES
	(123, 0, 1, 2, 3, 4),
	(321, 4, 3, 2, 1, 0);
/*!40000 ALTER TABLE `ref_core_points` ENABLE KEYS */;

-- Dumping structure for table core_questions_db.ref_core_questions
CREATE TABLE IF NOT EXISTS `ref_core_questions` (
  `q_id` int NOT NULL AUTO_INCREMENT,
  `question` varchar(255) NOT NULL,
  `gp_order` int NOT NULL,
  `points_type` int NOT NULL DEFAULT '0',
  PRIMARY KEY (`q_id`) USING BTREE,
  KEY `points_type` (`points_type`)
) ENGINE=MyISAM AUTO_INCREMENT=15 DEFAULT CHARSET=utf8mb4 COLLATE=utf8mb4_0900_ai_ci;

-- Dumping data for table core_questions_db.ref_core_questions: 14 rows
/*!40000 ALTER TABLE `ref_core_questions` DISABLE KEYS */;
INSERT INTO `ref_core_questions` (`q_id`, `question`, `gp_order`, `points_type`) VALUES
	(1, 'I have felt tense, anxious or nervous', 1, 123),
	(2, 'I have felt I have someone to turn to for support when needed', 2, 321),
	(3, 'I have felt ok about myself', 3, 321),
	(4, 'I have felt able to cope when things go wrong', 4, 321),
	(5, 'I have been troubled by aches, pains or other physical problems	', 5, 123),
	(6, 'I have been happy with the things I have done', 6, 321),
	(7, 'I have had difficulty getting to sleep or staying asleep', 7, 123),
	(8, 'I have felt warmth or affection for someone', 8, 321),
	(9, 'I have been able to do most things I needed to', 9, 321),
	(10, 'I have felt criticised by other people', 10, 123),
	(11, 'I have felt unhappy', 11, 123),
	(12, 'I have been irritable when with other people', 12, 123),
	(13, 'I have felt optimistic about my future', 13, 321),
	(14, 'I have achieved the things I wanted to', 14, 321);
/*!40000 ALTER TABLE `ref_core_questions` ENABLE KEYS */;

-- Dumping structure for table core_questions_db.ref_core_scale
CREATE TABLE IF NOT EXISTS `ref_core_scale` (
  `scale_id` int NOT NULL AUTO_INCREMENT,
  `label` varchar(255) DEFAULT NULL,
  PRIMARY KEY (`scale_id`)
) ENGINE=MyISAM AUTO_INCREMENT=6 DEFAULT CHARSET=utf8mb4 COLLATE=utf8mb4_0900_ai_ci;

-- Dumping data for table core_questions_db.ref_core_scale: 5 rows
/*!40000 ALTER TABLE `ref_core_scale` DISABLE KEYS */;
INSERT INTO `ref_core_scale` (`scale_id`, `label`) VALUES
	(1, 'Not at all'),
	(2, 'Only occasionally'),
	(3, 'Sometimes'),
	(4, 'Often'),
	(5, 'Most or All the time');
/*!40000 ALTER TABLE `ref_core_scale` ENABLE KEYS */;

-- Dumping structure for table core_questions_db.users
CREATE TABLE IF NOT EXISTS `users` (
  `user_id` int NOT NULL AUTO_INCREMENT,
  `fullname` varchar(256) CHARACTER SET utf8mb4 COLLATE utf8mb4_0900_ai_ci NOT NULL,
  `nickname` varchar(50) CHARACTER SET utf8mb4 COLLATE utf8mb4_0900_ai_ci NOT NULL,
  `email` varchar(256) NOT NULL,
  `password` varchar(60) CHARACTER SET utf8mb4 COLLATE utf8mb4_0900_ai_ci NOT NULL,
  `date_joined` date NOT NULL,
  PRIMARY KEY (`user_id`) USING BTREE
) ENGINE=MyISAM AUTO_INCREMENT=240 DEFAULT CHARSET=utf8mb4 COLLATE=utf8mb4_0900_ai_ci;

-- Dumping data for table core_questions_db.users: 11 rows
/*!40000 ALTER TABLE `users` DISABLE KEYS */;
INSERT INTO `users` (`user_id`, `fullname`, `nickname`, `email`, `password`, `date_joined`) VALUES
	(4, 'Johnny Jaqobis', 'Johnny', 'johnny@example.com', '$2y$10$Nrw9GuifeUaO7SmhAMfauuhlKPnduXVSeCVs460Ml/ynU8/sz6DKe', '2021-04-04'),
	(230, 'testy mctestface', 'testface', 'testface@example.com', '$2y$10$Xf7qdWfd3ZuOGZL86u4bz.Mh0cDW.bacalFU3JOZlrwFcx.3iul8e', '2021-05-26'),
	(99, 'Admin Davin', 'Admin Davin', 'admindavin@example.com', '$2y$10$DZ95lBOi5G0MmmqLnk17wuD0mGyRnusYNHgX4LcLTeFjFGC/LbpjS', '2021-08-28'),
	(239, '', 'kendry', 'kendry@example.com', '$2y$10$5jZ5pj43Z0ZvUxN0ZxoCZe6KGWk41JAolgOKQDXhNDCN4vdvGlxsm', '2021-12-17'),
	(238, '', 'zephyr ', 'zephyr@example.com', '$2y$10$1oF/enyxWMCW2YwQPalv3.yVoiPRWq7MQ/yz8v9UIijP7enwlWxXm', '2021-12-17'),
	(10, 'Davin Jaqobis', 'Davin', 'davin@example.com', '$2y$10$txnidBpxxKkJz9ssDbtiPesd9m.7oEz/01DOBJRA8r0NTWlQLdYbq', '2021-03-22'),
	(2, 'Prima Dezz', 'Pree', 'pree@example.com', '$2y$10$PIAi.ziHescHQ1qzb9ppoOrYy.2J5mMeiQimvdb7WH5hojbN.4qSW', '2021-01-14'),
	(1, 'Alvis Akari', 'Alvis', 'alvis@example.com', '$2y$10$2yLMwvaZf1cDwT761PaHkONf2vJT8551Ez8oUDUygiHXP5epYio36', '2020-12-15'),
	(5, 'Yalena Yardeen', 'Dutch', 'dutch@example.com', '$2y$10$CtwUoE2f8XD1JjbsfkjlJeB1LT3PWCfy1nKTCoiNIpj2m87EzQguK', '2021-02-21'),
	(3, 'Alfred Olyevich Turin', 'Turin', 'turin@example.com', '$2y$10$lZCr8wOfWqIRCXYrB6eMium/JE.C02a.fqkWiI75TiJonRKc3gqWe', '2021-03-30'),
	(231, 'test10', 'test10', 'test10@example.com', '$2y$10$XrgXEtEmT/Ot9JOkoC56Ue3RXz4W4/CbY0yCb3Bycx10ajjMsdz4e', '2021-08-28');
/*!40000 ALTER TABLE `users` ENABLE KEYS */;

-- Dumping structure for table core_questions_db.user_core_answers
CREATE TABLE IF NOT EXISTS `user_core_answers` (
  `ucs_id` int NOT NULL,
  `q_id` int NOT NULL,
  `points` int DEFAULT NULL,
  KEY `FK1_ucs_id` (`ucs_id`),
  KEY `FK1_q_id` (`q_id`)
) ENGINE=MyISAM DEFAULT CHARSET=utf8mb4 COLLATE=utf8mb4_0900_ai_ci;

-- Dumping data for table core_questions_db.user_core_answers: 538 rows
/*!40000 ALTER TABLE `user_core_answers` DISABLE KEYS */;
INSERT INTO `user_core_answers` (`ucs_id`, `q_id`, `points`) VALUES
	(2, 1, 1),
	(2, 2, 3),
	(2, 3, 1),
	(2, 4, 2),
	(2, 5, 1),
	(3, 1, 1),
	(3, 2, 2),
	(3, 3, 1),
	(3, 4, 1),
	(3, 5, 0),
	(35, 1, 4),
	(35, 4, 4),
	(35, 3, 3),
	(35, 2, 4),
	(12, 1, 0),
	(12, 2, 4),
	(12, 3, 4),
	(12, 4, 4),
	(12, 5, 0),
	(12, 6, 4),
	(12, 7, 0),
	(13, 1, 4),
	(13, 2, 0),
	(13, 3, 0),
	(13, 4, 0),
	(13, 5, 4),
	(13, 6, 0),
	(13, 7, 4),
	(14, 1, 0),
	(14, 2, 4),
	(14, 3, 4),
	(14, 4, 4),
	(14, 5, 0),
	(14, 6, 4),
	(14, 7, 0),
	(15, 1, 4),
	(15, 2, 0),
	(15, 3, 0),
	(15, 4, 0),
	(15, 5, 4),
	(15, 6, 0),
	(15, 7, 4),
	(16, 1, 0),
	(16, 2, 4),
	(16, 3, 4),
	(16, 4, 4),
	(16, 5, 0),
	(16, 6, 4),
	(16, 7, 0),
	(17, 1, 0),
	(17, 2, 4),
	(17, 3, 4),
	(17, 4, 4),
	(17, 5, 0),
	(17, 6, 4),
	(17, 7, 0),
	(18, 1, 0),
	(18, 2, 4),
	(18, 3, 4),
	(18, 4, 4),
	(18, 5, 0),
	(18, 6, 4),
	(18, 7, 0),
	(19, 1, 0),
	(19, 2, 3),
	(19, 3, 2),
	(19, 4, 1),
	(19, 5, 4),
	(19, 6, 4),
	(19, 7, 1),
	(20, 1, 1),
	(20, 2, 3),
	(20, 3, 3),
	(20, 4, 3),
	(20, 5, 1),
	(20, 6, 3),
	(20, 7, 1),
	(21, 1, 1),
	(21, 2, 3),
	(21, 3, 3),
	(21, 4, 3),
	(21, 5, 1),
	(21, 6, 3),
	(21, 7, 1),
	(22, 1, 2),
	(22, 2, 2),
	(22, 3, 2),
	(22, 4, 2),
	(22, 5, 2),
	(22, 6, 2),
	(22, 7, 2),
	(23, 1, 3),
	(23, 2, 1),
	(23, 3, 1),
	(23, 4, 1),
	(23, 5, 3),
	(23, 6, 1),
	(23, 7, 3),
	(24, 1, 4),
	(24, 2, 0),
	(24, 3, 0),
	(24, 4, 0),
	(24, 5, 4),
	(24, 6, 0),
	(24, 7, 4),
	(25, 1, 0),
	(25, 2, 4),
	(25, 3, 4),
	(25, 4, 4),
	(25, 5, 0),
	(25, 6, 4),
	(25, 7, 0),
	(26, 1, 0),
	(26, 2, 3),
	(26, 3, 2),
	(26, 4, 1),
	(26, 5, 4),
	(26, 6, 4),
	(26, 7, 1),
	(27, 1, 2),
	(27, 2, 4),
	(27, 3, 1),
	(27, 4, 3),
	(27, 5, 2),
	(27, 7, 0),
	(28, 1, 4),
	(28, 2, 4),
	(28, 3, 4),
	(28, 4, 4),
	(28, 6, 4),
	(28, 7, 4),
	(29, 1, 0),
	(29, 2, 4),
	(29, 3, 4),
	(29, 4, 4),
	(29, 5, 0),
	(29, 6, 4),
	(29, 7, 0),
	(30, 1, 0),
	(30, 2, 4),
	(30, 3, 4),
	(30, 4, 4),
	(30, 5, 0),
	(30, 6, 4),
	(30, 7, 0),
	(31, 1, 3),
	(31, 2, 2),
	(31, 3, 1),
	(31, 4, 2),
	(31, 5, 1),
	(31, 6, 3),
	(31, 7, 0),
	(32, 1, 1),
	(32, 2, 3),
	(32, 3, 2),
	(32, 4, 2),
	(32, 5, 0),
	(32, 6, 0),
	(32, 7, 0),
	(33, 2, 3),
	(33, 4, 2),
	(33, 5, 0),
	(33, 6, 2),
	(33, 7, 0),
	(34, 1, 4),
	(34, 2, 3),
	(34, 3, 3),
	(34, 4, 3),
	(34, 5, 2),
	(34, 6, 3),
	(34, 7, 1),
	(35, 5, 3),
	(35, 6, 4),
	(35, 7, 4),
	(36, 1, 0),
	(36, 2, 3),
	(36, 3, 2),
	(36, 4, 1),
	(36, 5, 4),
	(36, 6, 1),
	(36, 7, 4),
	(37, 1, 2),
	(37, 2, 0),
	(37, 3, 1),
	(37, 4, 3),
	(37, 5, 0),
	(37, 6, 2),
	(37, 7, 1),
	(38, 1, 0),
	(38, 2, 2),
	(38, 3, 4),
	(38, 4, 1),
	(38, 5, 2),
	(38, 6, 0),
	(38, 7, 0),
	(39, 1, 2),
	(39, 2, 3),
	(39, 3, 2),
	(39, 4, 3),
	(39, 5, 1),
	(39, 6, 2),
	(39, 7, 1),
	(40, 1, 1),
	(40, 2, 2),
	(40, 3, 4),
	(40, 4, 0),
	(40, 5, 2),
	(40, 6, 0),
	(40, 7, 0),
	(41, 1, 0),
	(41, 2, 1),
	(41, 3, 2),
	(41, 4, 0),
	(41, 5, 1),
	(41, 6, 0),
	(41, 7, 3),
	(42, 1, 1),
	(42, 2, 2),
	(42, 3, 2),
	(42, 4, 2),
	(42, 5, 1),
	(42, 6, 1),
	(42, 7, 0),
	(42, 8, 2),
	(42, 9, 2),
	(42, 10, 0),
	(42, 11, 1),
	(42, 12, 1),
	(42, 13, 2),
	(42, 14, 1),
	(43, 1, 2),
	(43, 2, 3),
	(43, 3, 3),
	(43, 4, 3),
	(43, 5, 0),
	(43, 6, 2),
	(43, 7, 0),
	(43, 8, 3),
	(43, 9, 3),
	(43, 10, 2),
	(43, 11, 3),
	(43, 12, 2),
	(43, 13, 4),
	(43, 14, 3),
	(44, 1, 1),
	(44, 2, 3),
	(44, 3, 3),
	(44, 4, 3),
	(44, 5, 1),
	(44, 6, 3),
	(44, 7, 1),
	(44, 8, 3),
	(44, 9, 3),
	(44, 10, 1),
	(44, 11, 1),
	(44, 12, 1),
	(44, 13, 3),
	(44, 14, 3),
	(45, 1, 1),
	(45, 2, 3),
	(45, 3, 3),
	(45, 4, 3),
	(45, 5, 1),
	(45, 6, 3),
	(45, 7, 1),
	(45, 8, 3),
	(45, 9, 3),
	(45, 10, 1),
	(45, 11, 1),
	(45, 12, 1),
	(45, 13, 3),
	(45, 14, 3),
	(46, 1, 2),
	(46, 2, 2),
	(46, 3, 2),
	(46, 4, 2),
	(46, 5, 2),
	(46, 6, 2),
	(46, 7, 2),
	(46, 8, 2),
	(46, 9, 2),
	(46, 10, 2),
	(46, 11, 2),
	(46, 12, 2),
	(46, 13, 2),
	(46, 14, 2),
	(47, 1, 3),
	(47, 2, 1),
	(47, 3, 1),
	(47, 4, 1),
	(47, 5, 3),
	(47, 6, 1),
	(47, 7, 3),
	(47, 8, 1),
	(47, 9, 1),
	(47, 10, 3),
	(47, 11, 3),
	(47, 12, 3),
	(47, 13, 1),
	(47, 14, 1),
	(48, 1, 3),
	(48, 2, 1),
	(48, 3, 1),
	(48, 4, 1),
	(48, 5, 3),
	(48, 6, 1),
	(48, 7, 3),
	(48, 8, 1),
	(48, 9, 1),
	(48, 10, 3),
	(48, 11, 3),
	(48, 12, 3),
	(48, 13, 1),
	(48, 14, 1),
	(49, 1, 3),
	(49, 2, 1),
	(49, 3, 1),
	(49, 4, 1),
	(49, 5, 3),
	(49, 6, 1),
	(49, 7, 3),
	(49, 8, 1),
	(49, 9, 1),
	(49, 10, 3),
	(49, 11, 3),
	(49, 12, 3),
	(49, 13, 1),
	(49, 14, 1),
	(50, 1, 3),
	(50, 2, 1),
	(50, 3, 1),
	(50, 4, 1),
	(50, 5, 3),
	(50, 6, 1),
	(50, 7, 3),
	(50, 8, 1),
	(50, 9, 1),
	(50, 10, 3),
	(50, 11, 3),
	(50, 12, 3),
	(50, 13, 1),
	(50, 14, 1),
	(51, 1, 3),
	(51, 2, 1),
	(51, 3, 1),
	(51, 4, 1),
	(51, 5, 3),
	(51, 6, 1),
	(51, 7, 3),
	(51, 8, 1),
	(51, 9, 1),
	(51, 10, 3),
	(51, 11, 3),
	(51, 12, 3),
	(51, 13, 1),
	(51, 14, 1),
	(52, 1, 0),
	(52, 2, 4),
	(52, 3, 4),
	(52, 4, 4),
	(52, 5, 0),
	(52, 6, 4),
	(52, 7, 0),
	(52, 8, 4),
	(52, 9, 4),
	(52, 10, 0),
	(52, 11, 0),
	(52, 12, 0),
	(52, 13, 4),
	(52, 14, 4),
	(53, 1, 0),
	(53, 2, 4),
	(53, 3, 4),
	(53, 4, 4),
	(53, 5, 0),
	(53, 6, 4),
	(53, 7, 0),
	(53, 8, 4),
	(53, 9, 4),
	(53, 10, 0),
	(53, 11, 0),
	(53, 12, 0),
	(53, 13, 4),
	(53, 14, 4),
	(54, 1, 0),
	(54, 2, 4),
	(54, 3, 4),
	(54, 4, 4),
	(54, 5, 0),
	(54, 6, 4),
	(54, 7, 0),
	(54, 8, 4),
	(54, 9, 4),
	(54, 10, 0),
	(54, 11, 0),
	(54, 12, 0),
	(54, 13, 4),
	(54, 14, 4),
	(55, 1, 4),
	(55, 2, 0),
	(55, 3, 0),
	(55, 4, 0),
	(55, 5, 4),
	(55, 6, 0),
	(55, 7, 4),
	(55, 8, 0),
	(55, 9, 0),
	(55, 10, 4),
	(55, 11, 4),
	(55, 12, 4),
	(55, 13, 0),
	(55, 14, 0),
	(56, 1, 0),
	(56, 2, 4),
	(56, 3, 4),
	(56, 4, 4),
	(56, 5, 0),
	(56, 6, 4),
	(56, 7, 0),
	(56, 8, 4),
	(56, 9, 4),
	(56, 10, 0),
	(56, 11, 0),
	(56, 12, 0),
	(56, 13, 4),
	(56, 14, 4),
	(57, 1, 1),
	(57, 2, 3),
	(57, 3, 3),
	(57, 4, 3),
	(57, 5, 1),
	(57, 6, 3),
	(57, 7, 1),
	(57, 8, 3),
	(57, 9, 3),
	(57, 10, 1),
	(57, 11, 1),
	(57, 12, 1),
	(57, 13, 3),
	(57, 14, 3),
	(58, 1, 2),
	(58, 2, 2),
	(58, 3, 2),
	(58, 4, 2),
	(58, 5, 2),
	(58, 6, 2),
	(58, 7, 2),
	(58, 8, 2),
	(58, 9, 2),
	(58, 10, 2),
	(58, 11, 2),
	(58, 12, 2),
	(58, 13, 2),
	(58, 14, 2),
	(59, 1, 3),
	(59, 2, 1),
	(59, 3, 1),
	(59, 4, 1),
	(59, 5, 3),
	(59, 6, 1),
	(59, 7, 3),
	(59, 8, 1),
	(59, 9, 1),
	(59, 10, 3),
	(59, 11, 3),
	(59, 12, 3),
	(59, 13, 1),
	(59, 14, 1),
	(60, 1, 4),
	(60, 2, 0),
	(60, 3, 0),
	(60, 4, 0),
	(60, 5, 4),
	(60, 6, 0),
	(60, 7, 4),
	(60, 8, 0),
	(60, 9, 0),
	(60, 10, 4),
	(60, 11, 4),
	(60, 12, 4),
	(60, 13, 0),
	(60, 14, 0),
	(61, 1, 0),
	(61, 2, 4),
	(61, 3, 4),
	(61, 4, 4),
	(61, 5, 0),
	(61, 6, 4),
	(61, 7, 0),
	(61, 8, 4),
	(61, 9, 4),
	(61, 10, 0),
	(61, 11, 0),
	(61, 12, 0),
	(61, 13, 4),
	(61, 14, 4),
	(62, 1, 0),
	(62, 2, 3),
	(62, 3, 4),
	(62, 4, 2),
	(62, 5, 2),
	(62, 6, 3),
	(62, 7, 0),
	(62, 8, 3),
	(62, 9, 2),
	(62, 10, 2),
	(62, 11, 4),
	(62, 12, 4),
	(62, 13, 0),
	(62, 14, 3),
	(63, 1, 0),
	(63, 2, 3),
	(63, 3, 2),
	(63, 4, 1),
	(63, 5, 4),
	(63, 6, 0),
	(63, 7, 3),
	(63, 8, 2),
	(63, 9, 3),
	(63, 10, 0),
	(63, 11, 0),
	(63, 12, 1),
	(63, 13, 2),
	(63, 14, 1),
	(64, 1, 1),
	(64, 2, 1),
	(64, 3, 2),
	(64, 4, 0),
	(64, 5, 0),
	(64, 6, 2),
	(64, 7, 3),
	(64, 8, 4),
	(64, 9, 0),
	(64, 10, 3),
	(64, 11, 1),
	(64, 12, 2),
	(64, 13, 4),
	(64, 14, 0);
/*!40000 ALTER TABLE `user_core_answers` ENABLE KEYS */;

-- Dumping structure for table core_questions_db.user_core_score
CREATE TABLE IF NOT EXISTS `user_core_score` (
  `ucs_id` int NOT NULL AUTO_INCREMENT,
  `user_id` int NOT NULL,
  `score_date` date DEFAULT NULL,
  `overall_score` int DEFAULT NULL,
  `mean_score` float DEFAULT NULL,
  PRIMARY KEY (`ucs_id`) USING BTREE,
  KEY `FK1_userid` (`user_id`)
) ENGINE=MyISAM AUTO_INCREMENT=65 DEFAULT CHARSET=utf8mb4 COLLATE=utf8mb4_0900_ai_ci;

-- Dumping data for table core_questions_db.user_core_score: 62 rows
/*!40000 ALTER TABLE `user_core_score` DISABLE KEYS */;
INSERT INTO `user_core_score` (`ucs_id`, `user_id`, `score_date`, `overall_score`, `mean_score`) VALUES
	(1, 1, '2021-02-15', 20, NULL),
	(2, 2, '2021-01-14', 46, NULL),
	(3, 2, '2021-01-21', 34, NULL),
	(4, 2, '2021-03-04', 52, NULL),
	(7, 1, '2021-04-01', 16, NULL),
	(8, 1, '2021-02-20', 16, NULL),
	(9, 1, '2021-02-25', 18, NULL),
	(10, 1, '2021-03-05', 16, NULL),
	(11, 1, '2021-03-15', 22, NULL),
	(12, 1, '2021-03-18', 27, NULL),
	(13, 1, '2021-03-25', 25, NULL),
	(14, 1, '2021-04-05', 32, NULL),
	(15, 1, '2021-04-09', 20, NULL),
	(16, 1, '2021-04-12', 18, NULL),
	(17, 10, '2021-04-08', 16, 1.14),
	(18, 5, '2021-02-28', 16, NULL),
	(19, 2, '2021-04-01', 38, NULL),
	(20, 2, '2021-04-05', 43, NULL),
	(21, 2, '2021-01-28', 30, NULL),
	(22, 10, '2021-04-09', 14, 1),
	(23, 10, '2021-04-10', 13, 0.93),
	(24, 10, '2021-03-29', 12, 0.85),
	(25, 10, '2021-03-22', 16, 1.14),
	(26, 10, '2021-04-12', 15, 1.07),
	(27, 10, '2021-04-13', 12, 0.85),
	(28, 2, '2021-04-11', 30, NULL),
	(29, 5, '2021-03-07', 24, NULL),
	(30, 5, '2021-03-10', 18, NULL),
	(31, 5, '2021-03-15', 12, NULL),
	(32, 10, '2021-04-14', 8, 0.57),
	(33, 5, '2021-03-20', 26, NULL),
	(34, 5, '2021-02-22', 19, NULL),
	(35, 5, '2021-03-25', 26, NULL),
	(36, 5, '2021-04-01', 15, NULL),
	(37, 5, '2021-04-02', 9, NULL),
	(38, 0, '2021-04-24', 9, NULL),
	(39, 10, '2021-04-25', 14, 1),
	(40, 5, '2021-04-07', 9, NULL),
	(41, 5, '2021-04-10', 7, NULL),
	(42, 10, '2021-05-01', 18, 1.29),
	(43, 5, '2021-04-11', 33, 2),
	(44, 5, '2021-04-15', 30, 2),
	(45, 5, '2021-04-17', 30, 2.14286),
	(46, 5, '2021-04-18', 28, 2),
	(47, 5, '2021-04-19', 26, 1.85714),
	(48, 5, '2021-04-18', 26, 1.85714),
	(49, 5, '2021-04-18', 26, 1.85714),
	(50, 5, '2021-04-19', 26, 1.85714),
	(51, 5, '2021-04-20', 26, 1.85714),
	(52, 2, '2021-04-20', 32, 2.28571),
	(53, 5, '2021-08-05', 32, 2.28571),
	(54, 5, '2021-08-05', 32, 2.28571),
	(55, 2, '2021-05-04', 24, 1.71429),
	(56, 231, '2021-08-21', 32, 2.28571),
	(57, 231, '2021-08-22', 30, 2.14286),
	(58, 231, '2021-08-23', 34, 2),
	(59, 231, '2021-08-24', 26, 1.85714),
	(60, 231, '2021-08-25', 24, 1.71429),
	(61, 231, '2021-08-26', 32, 2.28571),
	(62, 1, '2021-05-10', 32, 2.28571),
	(63, 231, '2021-08-27', 22, 1.57143),
	(64, 1, '2021-05-25', 23, 1.64286);
/*!40000 ALTER TABLE `user_core_score` ENABLE KEYS */;

/*!40101 SET SQL_MODE=IFNULL(@OLD_SQL_MODE, '') */;
/*!40014 SET FOREIGN_KEY_CHECKS=IF(@OLD_FOREIGN_KEY_CHECKS IS NULL, 1, @OLD_FOREIGN_KEY_CHECKS) */;
/*!40101 SET CHARACTER_SET_CLIENT=@OLD_CHARACTER_SET_CLIENT */;
/*!40111 SET SQL_NOTES=@OLD_SQL_NOTES */;
